{
  "HTTP Request - Log In User" : {
    "transaction" : "HTTP Request - Log In User",
    "sampleCount" : 150,
    "errorCount" : 141,
    "errorPct" : 94.0,
    "meanResTime" : 2766.286666666667,
    "medianResTime" : 2787.5,
    "minResTime" : 1244.0,
    "maxResTime" : 4274.0,
    "pct1ResTime" : 4121.6,
    "pct2ResTime" : 4183.2,
    "pct3ResTime" : 4269.92,
    "throughput" : 22.999080036798528,
    "receivedKBytesPerSec" : 15.80423111200552,
    "sentKBytesPerSec" : 6.176510752069917
  },
  "HTTP Request - Put Update Contact" : {
    "transaction" : "HTTP Request - Put Update Contact",
    "sampleCount" : 150,
    "errorCount" : 141,
    "errorPct" : 94.0,
    "meanResTime" : 585.9599999999999,
    "medianResTime" : 621.0,
    "minResTime" : 251.0,
    "maxResTime" : 3277.0,
    "pct1ResTime" : 818.1,
    "pct2ResTime" : 943.9999999999995,
    "pct3ResTime" : 2721.10000000001,
    "throughput" : 27.53809436387002,
    "receivedKBytesPerSec" : 21.78001508858087,
    "sentKBytesPerSec" : 15.907014468973747
  },
  "Total" : {
    "transaction" : "Total",
    "sampleCount" : 750,
    "errorCount" : 714,
    "errorPct" : 95.2,
    "meanResTime" : 973.4200000000009,
    "medianResTime" : 655.0,
    "minResTime" : 248.0,
    "maxResTime" : 4274.0,
    "pct1ResTime" : 2791.9,
    "pct2ResTime" : 3656.749999999999,
    "pct3ResTime" : 4183.84,
    "throughput" : 96.91174570357927,
    "receivedKBytesPerSec" : 74.27641753618039,
    "sentKBytesPerSec" : 37.8299037343326
  },
  "HTTP Request - Add Contact" : {
    "transaction" : "HTTP Request - Add Contact",
    "sampleCount" : 150,
    "errorCount" : 150,
    "errorPct" : 100.0,
    "meanResTime" : 588.6999999999998,
    "medianResTime" : 629.5,
    "minResTime" : 251.0,
    "maxResTime" : 2219.0,
    "pct1ResTime" : 827.9,
    "pct2ResTime" : 942.1499999999999,
    "pct3ResTime" : 2126.1800000000017,
    "throughput" : 27.233115468409586,
    "receivedKBytesPerSec" : 21.521075878267975,
    "sentKBytesPerSec" : 15.053033655591866
  },
  "HTTP Request - Delete Contact" : {
    "transaction" : "HTTP Request - Delete Contact",
    "sampleCount" : 150,
    "errorCount" : 141,
    "errorPct" : 94.0,
    "meanResTime" : 425.49999999999994,
    "medianResTime" : 276.0,
    "minResTime" : 250.0,
    "maxResTime" : 1062.0,
    "pct1ResTime" : 782.7,
    "pct2ResTime" : 841.45,
    "pct3ResTime" : 1013.0400000000009,
    "throughput" : 32.3066982554383,
    "receivedKBytesPerSec" : 24.9491421898557,
    "sentKBytesPerSec" : 8.023040396833943
  },
  "HTTP Request - Patch Update Contact" : {
    "transaction" : "HTTP Request - Patch Update Contact",
    "sampleCount" : 150,
    "errorCount" : 141,
    "errorPct" : 94.0,
    "meanResTime" : 500.6533333333335,
    "medianResTime" : 300.5,
    "minResTime" : 248.0,
    "maxResTime" : 2107.0,
    "pct1ResTime" : 821.9,
    "pct2ResTime" : 941.9999999999998,
    "pct3ResTime" : 1836.7000000000048,
    "throughput" : 28.907303912121797,
    "receivedKBytesPerSec" : 22.882502348718443,
    "sentKBytesPerSec" : 8.802048202929273
  }
}